"Company ID","Name","Create Date","LinkedIn Company Page"
"469136374","Waters Kraus & Paul","2017-06-07 11:31","https://www.linkedin.com/company/waterskraus"
"469136375","Fairlie & Lippy, P.C.","2017-06-07 11:31","https://www.linkedin.com/company/fairlie-&-lippy-p-c-"
"469136116","Cooper and Schall PC","2017-06-07 11:31","https://www.linkedin.com/company/cooper-&-schall-p-c-"
"469194994","Amerihope Alliance","2017-06-07 11:31","https://www.linkedin.com/company/amerihope-alliance-legal-services"
"469194992","FITZPATRICK LENTZ & BUBBA, P.C.","2017-06-07 11:31","http://linkedin.com/company/fitzpatrick-lentz-&-bubba-p.c."
"469136382","Hoagland, Longo, Moran, Dunst & Doukas, LLP","2017-06-07 11:31","https://www.linkedin.com/company/hoagland-longo-moran-dunst-&-doukas"
"469136376","Gibley & Mcwilliams Pc","2017-06-07 11:31","https://www.linkedin.com/company/gibley-and-mcwilliams-p-c-"
"469136111","Keaveney Legal Group LLC","2017-06-07 11:31","https://www.linkedin.com/company/keaveney-legal-group"
"469136105","Ledgewood","2017-06-07 11:31","https://www.linkedin.com/company/ledgewood-a-professional-corporation"
"469136086","Momjian Anderer LLC","2017-06-07 11:31","http://linkedin.com/company/momjian-anderer-llc"
"483315943","SHAW FISHMAN GLANTZ & TOWBIN LLC","2017-06-07 11:31","https://www.linkedin.com/company/shaw-fishman-glantz-&-towbin-llc"
"469136346","Mammuth and Rosenberg","2017-06-07 11:31","https://www.linkedin.com/company/mammuth-&-rosenberg"
"468468160","Wusinich, Brogan & Stanzione","2017-06-06 23:31","https://www.linkedin.com/company/wusinich-brogan-&-stanzione"
"468468161","Michelman & Bricker","2017-06-06 23:31","https://www.linkedin.com/company-beta/9269557/"
"469136347","Alan Lee Attorney At Law","2017-06-07 11:31","https://www.linkedin.com/company/alan-lee-esq."
"468468162","Sidkoff Pincus & Green Pc","2017-06-06 23:31","https://www.linkedin.com/company/sidkoff-pincus-&-green-p-c-"
"469136070","The Rothenberg Law Firm LLP","2017-06-07 11:31","http://linkedin.com/company/the-rothenberg-law-firm"
"469178053","Hoffman DiMuzio","2017-06-07 11:05","http://linkedin.com/company/hoffman-dimuzio"
"469178050","Martin LLC","2017-06-07 11:05","http://linkedin.com/company/martin-llc"
"469136323","Subranni Zauber, LLC Attorneys at Law","2017-06-07 11:31","https://www.linkedin.com/company/subranni-zauber-llc-attorneys-at-law"
"469136321","Semanoff Ormsby Greenberg & Torchia, LLC","2017-06-07 11:31","https://www.linkedin.com/company/semanoff-ormsby-greenberg-&-torchia-llc"
"469194958","Funk & Bolton, P.A.","2017-06-07 11:31","http://linkedin.com/company/funk-&-bolton-p.a."
"469136074","Pond Lehocky Stern Giordano, LLP","2017-06-07 11:31","https://www.linkedin.com/company/pond-lehocky-stern-giordano"
"469136073","O'connor Kimball Llp","2017-06-07 11:31","https://www.linkedin.com/company/o%27connor-kimball-llp"
"469122230","Jeffrey S. Gross","2017-06-07 11:05","http://www.linkedin.com/company/3340613"
"469122231","Richard L. Vanderslice, P.C.","2017-06-07 11:05","https://www.linkedin.com/company/richard-l-vanderslice-p-c"
"469122229","Joseph R. Viola, P.C.","2017-06-07 11:05","https://www.linkedin.com/company/joseph-r-viola-p-c-"
"417989030","Montgomery McCracken Walker & Rhoads LLP","2017-03-22 14:59","https://www.linkedin.com/company/montgomery-mccracken-walker-&-rhoads-llp"
"469194919","Margolis Edelstein","2017-06-07 11:31","https://www.linkedin.com/company/margolis-edelstein"
"469122215","Leonard, Sciolla, Hutchison, Leonard and Tinari LLP","2017-06-07 11:05","https://www.linkedin.com/company/leonard-sciolla-hutchison-leonard-and-tinari-llp"
"469194918","Obermayer Rebmann Maxwell & Hippel LLP","2017-06-07 11:31","https://www.linkedin.com/company/obermayer-rebmann-maxwell-&-hippel-llp"
"469194917","LAW OFFICES OF PETER G. ANGELOS, PC","2017-06-07 11:31","http://linkedin.com/company/peter-angelos-law-firm"
"469194916","Dickie, McCamey & Chilcote","2017-06-07 11:31","https://www.linkedin.com/company/dickie-mccamey-&-chilcote"
"469194915","Capehart & Scatchard, P.A.","2017-06-07 11:31","https://www.linkedin.com/company/capehart-&-scatchard-p.a."
"469136289","Fineman Krekstein","2017-06-07 11:31","https://www.linkedin.com/company/fineman-krekstein-&-harris"
"469136302","Garrison Environmental Law Practice","2017-06-07 11:31","http://linkedin.com/company/garrison-environmental-law-practice"
"469136046","Petrelli Previtera Schimmel, LLC","2017-06-07 11:31","https://www.linkedin.com/company/petrellilaw"
"469136044","Myers Lafferty","2017-06-07 11:31","https://www.linkedin.com/company/myers-lafferty-law-offices-p-c"
"469122220","Kolsby Gordon","2017-06-07 11:05","https://www.linkedin.com/company/kolsby-gordon"
"469136298","The Stern Law Group","2017-06-07 11:31","https://www.linkedin.com/company/stern-law-pllc"
"469122219","Hollstein Keating Cattell Johnson & Goldstein","2017-06-07 11:05","https://www.linkedin.com/company/hollstein-keating-cattell-johnson-&-goldstein-p-c-"
"469194921","Duane Morris","2017-06-07 11:31","https://www.linkedin.com/company/duane-morris-llp"
"469136040","Del Collo & Mazzanti LLP","2017-06-07 11:31","https://www.linkedin.com/company/del-collo-&-mazzanti-llp"
"469194920","Goldberg Segalla","2017-06-07 11:31","https://www.linkedin.com/company/goldberg-segalla-llp"
"469178006","NCB Law Firm","2017-06-07 11:05","https://www.linkedin.com/company/howard-brenner-&-nass-p-c-"
"446073077","Davis Bucco & Ardizzi","2017-05-04 16:43","https://www.linkedin.com/company-beta/3914935/"
"469136018","Larmore Scarlett, LLP","2017-06-07 11:31","http://linkedin.com/company/larmore-scarlett-llp"
"469136016","Case, DiGiamberardino & Lutz, P.C.","2017-06-07 11:31","https://www.linkedin.com/company/case-digiamberardino-&-lutz-p-c-"
"469136017","McAndrews Law Offices, P.C.","2017-06-07 11:31","https://www.linkedin.com/company/mcandrews-law-offices-p-c-"
"469136284","Weltman, Weinberg & Reis Co.","2017-06-07 11:31","https://www.linkedin.com/company/weltman-weinberg-&-reis"
"469136026","Platt Digiorgio & Difabio","2017-06-07 11:31","https://www.linkedin.com/company/platt-digiorgio-&-difabio"
"469136283","Wood Smith Henning & Berman LLP","2017-06-07 11:31","https://www.linkedin.com/company/wood-smith-henning-&-berman"
"469194887","Adelson, Testan, Brundo, Novell & Jimenez","2017-06-07 11:31","http://linkedin.com/company/adelson-testan-brundo-novell-&-jimenez"
"469194886","Morgan & Morgan","2017-06-07 11:31","https://www.linkedin.com/company/morgan-&-morgan-llc"
"469194885","Griesing Law LLC","2017-06-07 11:31","https://www.linkedin.com/company/griesing-law-llc"
"469194883","Bazelon Less & Feldman PC","2017-06-07 11:31","https://www.linkedin.com/company/bazelon-less-&-feldman-p-c-"
"469136014","Law Offices of Eric A. Shore","2017-06-07 11:31","https://www.linkedin.com/company/law-offices-of-eric-a.-shore-pc"
"469136015","Ciccarelli Law Offices","2017-06-07 11:31","https://www.linkedin.com/company/ciccarelli-law-offices"
"469136268","Marshall Dennehey Warner Coleman & Goggin, P.C.","2017-06-07 11:31","https://www.linkedin.com/company/marshall-dennehey-warner-coleman-&-goggin"
"469136269","Jackson Lewis, LLP","2017-06-07 11:31","http://www.linkedin.com/company/13644"
"469136267","Thomas Thomas & Hafer LLP","2017-06-07 11:31","https://www.linkedin.com/company/tt&h"
"469194890","Greenberg Traurig","2017-06-07 11:31","https://www.linkedin.com/company/greenberg-traurig-llp"
"414736326","Hoagland, Longo, Moran, Dunst & Doukas, LLP","2017-03-19 08:10","https://www.linkedin.com/company/hoagland-longo-moran-dunst-&-doukas"
"469136246","Braverman Kaskey, P.C.","2017-06-07 11:31","https://www.linkedin.com/company/braverman-daniels-kaskey"
"469136250","PALMER & BARR, P.C.","2017-06-07 11:31","https://www.linkedin.com/company/palmer-&-barr-pc"
"469136248","Console Law Offices, LLC","2017-06-07 11:31","https://www.linkedin.com/company/console-law-offices"
"469194855","YOST & TRETTA, LLP","2017-06-07 11:31","https://www.linkedin.com/company/yost-&-tretta-llp"
"469195111","LITCHFIELD CAVO LLP","2017-06-07 11:31","https://www.linkedin.com/company/litchfield-cavo-llp"
"469195110","Peckar & Abramson, P.C.","2017-06-07 11:31","https://www.linkedin.com/company/peckar-&-abramson-p-c-"
"469136226","Greenblatt, Pierce, Engle, Funt & Flores LLC","2017-06-07 11:31","http://www.linkedin.com/company/3178791"
"469194851","Raynes McCarty","2017-06-07 11:31","https://www.linkedin.com/company/raynes-mccarty"
"469194863","Munley Law","2017-06-07 11:31","https://www.linkedin.com/company/munleylaw"
"469195090","Lieff Cabraser Heimann & Bernstein, LLP","2017-06-07 11:31","https://www.linkedin.com/company/lieff-cabraser-heimann-&-bernstein"
"469136198","Larry Pitt & Associates Pc","2017-06-07 11:31","https://www.linkedin.com/company/larry-pitt-&-associates"
"469136194","PALMER BIEZUP & HENDERSON LLP","2017-06-07 11:31","https://www.linkedin.com/company-beta/8286250/"
"469136192","Cairns Law Offices","2017-06-07 11:31","https://www.linkedin.com/company/cairns-law-offices"
"469136193","SCHOENER AND ASSOCIATES","2017-06-07 11:31","https://www.linkedin.com/company/schoener-and-associates-p.c."
"469194831","LEVIN, FISHBEIN, SEDRAN & BERMAN","2017-06-07 11:31","https://www.linkedin.com/company-beta/1328549/"
"469194830","The Beasley Firm","2017-06-07 11:31","https://www.linkedin.com/company/the-beasley-firm-llc"
"469194829","The Colleran Firm","2017-06-07 11:31","https://www.linkedin.com/company/the-colleran-firm"
"469194805","Dolchin, Slotkin & Todd, P.C.","2017-06-07 11:31","https://www.linkedin.com/company/dolchin-slotkin-&-todd-p-c-"
"469136190","Brookman, Rosenberg, Brown & Sandler","2017-06-07 11:31","https://www.linkedin.com/company/brookman-rosenberg-brown-&-sandler"
"469136191","Eisenberg, Rothweiler, Winkler, Eisenberg & Jeck, P.C.","2017-06-07 11:31","https://www.linkedin.com/company/eisenberg-rothweiler-winkler-eisenberg-&-jeck-p-c-"
"469195065","Hawke, McKeon & Sniscak, LLP","2017-06-07 11:31","https://www.linkedin.com/company/hawke-mckeon-&-sniscak-llp"
"469195064","ARIS Title Insurance Corporation","2017-06-07 11:31","https://www.linkedin.com/company/aris-title-insurance-corporation"
"469194787","OSTROFF INJURY LAW, P.C.","2017-06-07 11:31","https://www.linkedin.com/company/ostroff-injury-law"
"469194784","ANAPOL SCHWARTZ","2017-06-07 11:31","https://www.linkedin.com/company/anapol-weiss"
"469136172","Testa & Pagnanelli, LLC","2017-06-07 11:31","https://www.linkedin.com/company/the-law-offices-of-maria-testa-llc"
"469136170","Reilly, Janiczek & McDevitt","2017-06-07 11:31","https://www.linkedin.com/company/reilly-janiczek-&-mcdevitt"
"469136405","Weitz & Luxenberg P.C.","2017-06-07 11:31","https://www.linkedin.com/company/weitz-&-luxenberg"
"469136403","Rhoads and Sinon Group LLC","2017-06-07 11:31","http://linkedin.com/company/rhoads-&-sinon-llp"
"469195024","Bailey & Ehrenberg PLLC","2017-06-07 11:31","https://www.linkedin.com/company/bailey-&-ehrenberg-pllc"
"468651523","Donze & Donze","2017-06-06 23:31","https://www.linkedin.com/company/donze-&-donze"
"468651521","Unruh Turner Burke & Frees, P.C.","2017-06-06 23:31","http://linkedin.com/company/unruh-turner-burke-and-frees"
"469194759","Goodell, DeVries, Leech & Dann, LLP","2017-06-07 11:31","https://www.linkedin.com/company/goodell-devries-leech-&-dann-llp"
"469136142","MASCHMEYER KARALIS P.C.","2017-06-07 11:31","https://www.linkedin.com/company/maschmeyer-karalis-p-c-"
"469195023","NJ & PA Personal Injury Lawyer, Richard P. Console","2017-06-07 11:31","https://www.linkedin.com/company/console-&-hollawell-p-c--attorneys-at-law"
"469136143","Sirlin Gallogly & Lesser PC","2017-06-07 11:31","https://www.linkedin.com/company/sirlin-gallogly-&-lesser"
"469136140","SANDALS & ASSOCIATES, P.C.","2017-06-07 11:31","https://www.linkedin.com/company/alan-sandals"
"469195019","Masterson Braunfeld & Milner","2017-06-07 11:31","https://www.linkedin.com/company/masterson-braunfeld-llp"
"757746218","Urban Outfitters","2018-04-08 11:15","https://www.linkedin.com/company/9714055/"
"757746216","UGI","2018-04-08 11:15","https://www.linkedin.com/company/ugi-utilities-inc"
"757746210","Sunoco","2018-04-08 11:14","http://www.linkedin.com/company/6897373"
"757746211","Synygy","2018-04-08 11:14","https://www.linkedin.com/company/synygy"
"757746208","Quaker Chemical Corporation","2018-04-08 11:14","https://www.linkedin.com/company/quaker-chemical"
"757746209","Stevens & Lee","2018-04-08 11:14","https://www.linkedin.com/company/stevens-&-lee"
"757746214","Triumph Group","2018-04-08 11:15","https://www.linkedin.com/company/triumph-group"
"757746212","T.H. Properties","2018-04-08 11:14","http://www.linkedin.com/company/65735"
"469136107","Marks & Sokolov, LLC","2017-06-07 11:31","https://www.linkedin.com/company/marks-&-sokolov-llc"
"757746186","ERT","2018-04-08 11:14","https://www.linkedin.com/company/e-research-technology-inc"
"757746187","Fiserv","2018-04-08 11:14","https://www.linkedin.com/company/fiserv"
"757746184","Endo Pharmaceuticals","2018-04-08 11:14","http://linkedin.com/company/endo-pharmaceuticals"
"757746185","Entercom","2018-04-08 11:14","https://www.linkedin.com/company/entercom"
"757746189","FMC","2018-04-08 11:14","https://www.linkedin.com/company/fmc-corporation"
"757746178","Cozen O'Connor","2018-04-08 11:14","https://www.linkedin.com/company/cozen-o%27connor"
"757746177","Comcast","2018-04-08 11:13","https://www.linkedin.com/company/comcast"
"757746183","Disston Precision","2018-04-08 11:14","https://www.linkedin.com/company/disston-precision"
"757746180","Crown Holdings","2018-04-08 11:14","https://www.linkedin.com/company/crown-holdings-inc-"
"757746181","CubeSmart","2018-04-08 11:14","https://www.linkedin.com/company/cubesmart"
"469136327","Warren & McGraw LLC","2017-06-07 11:31","https://www.linkedin.com/company/warren-&-mcgraw-llc"
"469136324","Lexington Law","2017-06-07 11:31","https://www.linkedin.com/company/lexington-law"
"757746206","Pepper Hamilton","2018-04-08 11:14","https://www.linkedin.com/company/pepper-hamilton-llp"
"757746207","Philadelphia Media Network","2018-04-08 11:14","https://www.linkedin.com/company/philadelphia-inquirer"
"757746204","Pep Boys Manny Moe & Jack","2018-04-08 11:14","http://linkedin.com/company/pep-boys"
"757746193","Knoll","2018-04-08 11:14","https://www.linkedin.com/company/knoll"
"757746198","NutriSystem","2018-04-08 11:14","https://www.linkedin.com/company/nutrisystem"
"757746197","Lincoln National Corporation","2018-04-08 11:14","http://www.linkedin.com/company/4307"
"757541991","LexisNexis Risk Solutions","2018-04-08 11:14","https://www.linkedin.com/company/lexisnexis"
"757541989","JJ White","2018-04-08 11:14","https://www.linkedin.com/company/j.-j.-white-inc."
"757541988","J & J Snack Foods","2018-04-08 11:14","https://www.linkedin.com/company/j&j-snack-foods"
"757541987","Internet Capital Group","2018-04-08 11:14","https://www.linkedin.com/company/actua-corporation"
"757541997","Penn National Gaming","2018-04-08 11:14","http://linkedin.com/company/penn-national-gaming"
"757541992","Peddler's Village","2018-04-08 11:14","https://www.linkedin.com/company/peddler%27s-village"
"757542007","Radian Group","2018-04-08 11:14","http://linkedin.com/company/radian"
"757542006","QVC, Inc","2018-04-08 11:14","https://www.linkedin.com/company/qvc"
"757542003","Pennsylvania Real Estate Investment Trust","2018-04-08 11:14","https://www.linkedin.com/company/preit"
"757542013","Think Brownstone","2018-04-08 11:14","https://www.linkedin.com/company/201138/"
"757542012","Teleflex","2018-04-08 11:14","https://www.linkedin.com/company/teleflex"
"757542010","Sungard","2018-04-08 11:14","https://www.linkedin.com/company/fis"
"757542008","Schnader, Harrison, Segal & Lewis","2018-04-08 11:14","https://www.linkedin.com/company/schnader-harrison-segal-&-lewis-llp"
"757541967","Aqua America","2018-04-08 11:13","https://www.linkedin.com/company/aqua-america"
"757541966","Amoroso's Baking Company","2018-04-08 11:13","https://www.linkedin.com/company/amoroso%27s-baking-company"
"757541962","Alpha Video","2018-04-08 11:13","http://linkedin.com/company/oldies.com"
"757541975","CSS Industries","2018-04-08 11:14","https://www.linkedin.com/company/css-industries-inc."
"757541971","CDI","2018-04-08 11:13","http://www.linkedin.com/company/46217"
"757541969","Beneficial Bank","2018-04-08 11:13","https://www.linkedin.com/company/beneficial-bank"
"757541983","Garfield Refining","2018-04-08 11:14","https://www.linkedin.com/company/garfield-refining-company"
"757541982","Fuji Advanced Sports","2018-04-08 11:14","https://www.linkedin.com/company/advanced-sports-inc"
"757541980","Fox Rothschild","2018-04-08 11:14","https://www.linkedin.com/company/fox-rothschild-llp"
"757541979","Five Below","2018-04-08 11:14","https://www.linkedin.com/company/five-below"
"757541978","Destination Maternity","2018-04-08 11:14","https://www.linkedin.com/company/destination-maternity-corporation"
"469194889","Schnader Harrison Segal & Lewis LLP","2017-06-07 11:31","https://www.linkedin.com/company/schnader-harrison-segal-&-lewis-llp"
"757541977","Day & Zimmermann","2018-04-08 11:14","http://linkedin.com/company/day-&-zimmermann"
"757541976","David's Bridal","2018-04-08 11:14","https://www.linkedin.com/company/david%27s-bridal"
"757941935","Genesis HealthCare","2018-04-08 11:14","https://www.linkedin.com/company/genesis-healthcare"
"757941934","Frankford Candy & Chocolate Company","2018-04-08 11:14","https://www.linkedin.com/company/frankford-candy-llc"
"757941928","Drinker Biddle & Reath","2018-04-08 11:14","https://www.linkedin.com/company/drinker-biddle-&-reath-llp"
"757941931","DuPont","2018-04-08 11:14","https://www.linkedin.com/company/dupont"
"757941930","Duane Morris","2018-04-08 11:14","https://www.linkedin.com/company/duane-morris-llp"
"757941927","Dollar Financial Group","2018-04-08 11:14","http://linkedin.com/company/dollar-financial-group"
"757941926","Dechert","2018-04-08 11:14","http://linkedin.com/company/dechert-llp"
"757941921","Chemtura","2018-04-08 11:13","https://www.linkedin.com/company/chemtura"
"757941923","Comcast Spectacor","2018-04-08 11:14","https://www.linkedin.com/company-beta/11359/"
"757941922","Ciright Systems","2018-04-08 11:13","https://www.linkedin.com/company/ciright-systems-inc"
"469136229","Larsson & Scheuritzel P.C.","2017-06-07 11:31","https://www.linkedin.com/company/larsson-&-scheuritzel-p-c-"
"757941945","Morgan, Lewis & Bockius","2018-04-08 11:14","http://www.linkedin.com/company/5734"
"757941944","Melior Discovery","2018-04-08 11:14","https://www.linkedin.com/company/melior-discovery"
"757941947","Penn Mutual","2018-04-08 11:14","https://www.linkedin.com/company/penn-mutual"
"757941942","Liberty Property Trust","2018-04-08 11:14","https://www.linkedin.com/company/liberty-property-trust"
"757941937","Holtec International","2018-04-08 11:14","http://linkedin.com/company/holtec-international"
"757941936","Hill International","2018-04-08 11:14","https://www.linkedin.com/company/hill-international"
"757941938","InterDigital","2018-04-08 11:14","https://www.linkedin.com/company/interdigital-communications"
"757941903","Airgas","2018-04-08 11:13","https://www.linkedin.com/company/airgas"
"469194832","Mattleman Weinroth & Miller","2017-06-07 11:31","https://www.linkedin.com/company/mattleman-weinroth-&-miller"
"757542016","Unisys","2018-04-08 11:15","https://www.linkedin.com/company/unisys"
"757941913","Axalta Coating Systems","2018-04-08 11:13","http://linkedin.com/company/axalta-coating-systems-brasil-ltda-"
"757941915","Blank Rome","2018-04-08 11:13","http://linkedin.com/company/blank-rome-llp"
"757941908","AmeriGas","2018-04-08 11:13","http://www.linkedin.com/company/15139"
"757941910","AmerisourceBergen","2018-04-08 11:13","http://linkedin.com/company/amerisourcebergen"
"757941905","American Competitiveness Institute","2018-04-08 11:13","https://www.linkedin.com/company/aci-technologies"
"469195062","O'brien Belland & Bushinsky","2017-06-07 11:31","https://www.linkedin.com/company/o%27brien-belland-&-bushinsky-llc"
"757746170","Aramark","2018-04-08 11:13","http://linkedin.com/company/aramark"
"757746169","Ametek","2018-04-08 11:13","https://www.linkedin.com/company/ametek-inc"
"757746166","AlliedBarton","2018-04-08 11:13","https://www.linkedin.com/company-beta/10696913/"
"757746167","Alpha Card Services","2018-04-08 11:13","http://linkedin.com/company/alpha-card-services-inc-"
"757746164","A.C. Moore","2018-04-08 11:13","http://www.linkedin.com/company/61724"
"757941965","Toll Brothers","2018-04-08 11:14","http://linkedin.com/company/toll-brothers"
"757941964","TLA Entertainment Group","2018-04-08 11:14","https://www.linkedin.com/company/78057/"
"469194772","Steven L Sugarman & Associates","2017-06-07 11:31","https://www.linkedin.com/company/steven-l.-sugarman-&-associates"
"757941960","Susquehanna International Group","2018-04-08 11:14","https://www.linkedin.com/company/susquehanna-international-group-llp-sig"
"757941956","Qlik","2018-04-08 11:14","http://www.linkedin.com/company/10162"
"757941959","Saul Ewing","2018-04-08 11:14","https://www.linkedin.com/company/saul-ewing-llp"
"757941958","Rita's Italian Ice","2018-04-08 11:14","http://linkedin.com/company/rita%27s-italian-ice"
"757941955","PHH","2018-04-08 11:14","https://www.linkedin.com/company/phh-corporation"
"757941973","VWR International","2018-04-08 11:15","https://www.linkedin.com/company/vwr"
"757941975","WPCS International","2018-04-08 11:15","https://www.linkedin.com/company/wpcs-international"
"469195020","Connor, Weber & Oberlies","2017-06-07 11:31","https://www.linkedin.com/company/connor-weber-&-oberlies"
"469136141","PearsonKoutcher Law","2017-06-07 11:31","https://www.linkedin.com/company/pearsonkoutcher-llp"
"757941969","Universal Health Services","2018-04-08 11:15","https://www.linkedin.com/company/uhs"
"757941971","ViroPharma","2018-04-08 11:15","https://www.linkedin.com/company/45444/"
"757746223","West Pharmaceutical Services","2018-04-08 11:15","https://www.linkedin.com/company/west-pharmaceutical-services"
"757746220","Vishay Intertechnology","2018-04-08 11:15","http://linkedin.com/company/vishay-intertechnology-inc-"
"757746176","Cephalon","2018-04-08 11:13","http://linkedin.com/company/cephalon-australia"
"757941920","Checkpoint Systems","2018-04-08 11:13","https://www.linkedin.com/company/checkpoint-systems"
"757746215","Troemner","2018-04-08 11:15","https://www.linkedin.com/company/troemner-llc"
"757941917","Calkins Media","2018-04-08 11:13","https://www.linkedin.com/company/calkins-media-inc."
"757941916","Boscov's","2018-04-08 11:13","http://www.linkedin.com/company/28419"
"757941919","Charming Shoppes","2018-04-08 11:13","http://www.linkedin.com/company/20541"
"757941918","Campbell Soup Company","2018-04-08 11:13","https://www.linkedin.com/company/campbell-soup-company"
"757746174","Burlington Stores","2018-04-08 11:13","https://www.linkedin.com/company/burlington-coat-factory"
"757941976","WSFS Bank","2018-04-08 11:15","http://www.linkedin.com/company/24593"
"757746175","Carpenter","2018-04-08 11:13","https://www.linkedin.com/company/carpenter-technology"
"757746173","Brandywine Realty Trust","2018-04-08 11:13","https://www.linkedin.com/company/brandywine-realty-trust"
"757541968","Ballard Spahr LLP","2018-04-08 11:13","https://www.linkedin.com/company/ballard-spahr-llp"
"757746224","White and Williams LLP","2018-04-08 11:15","https://www.linkedin.com/company/white-and-williams-llp"
"757746192","Kenexa","2018-04-08 11:14","https://www.linkedin.com/company/17961764/"
"757941974","Wawa Food Markets","2018-04-08 11:15","https://www.linkedin.com/company/12241/"
"757746196","League Collegiate Wear","2018-04-08 11:14","https://www.linkedin.com/company/8059755/"
"757941970","Vanguard","2018-04-08 11:15","http://www.linkedin.com/company/vanguard"
"757941906","American Water","2018-04-08 11:13","http://www.linkedin.com/company/9226"
