first,last,email,,title,department,sex,birthmonth,birthday,birthyear,gmail,GooglePlus,ScoopIt,flipboard,medium,digg,stumbleupon,reddit,twitter,facebook,BizSugar,pintrest,linkedin,tumblr
John,Gaven,John.Gaven8891@gmail.com,jg,CEO,Leadership,male,11,1,1988,John.Gaven8891@gmail.com,https://plus.google.com/u/0/114496303162532873286,john-gaven,JohnGaven,john.gaven8891,johngaven,jgaven,johngaven,JohnGaven8891,john.gaven.5249,johngaven,johngaven,john-gaven-a85bbb157,
Diane,Rodgers,Diane.Rodgers991@gmail.com,,,,female,1,12,1990,Diane.Rodgers991@gmail.com,https://plus.google.com/u/0/109382235155239882059,diane-rodgers-1,DianeRodger34kn,diane.rodgers991,drodgers,drodgers227,drodgers227,,diane.rodgers.7330,,dianerodgers991,,
Barbara,Taylor,Barbara.Taylor@themisdigital.com,,,,female,3,17,1985,BarbaraTaylor7650@gmail.com,https://plus.google.com/u/0/117987734486497198318,barb-taylor,BarbTaylor2018,barbarataylor7650,barbarataylor7650,btaylor959,Btaylor765,,,Btaylor765,barbarataylor7650,,
Betty,Anderson,betty.anderson@themisdigital.com,ba,,,female,5,3,1975,,,betty-anderson,BettyAnders2018,,Bettya9576,Bettya9576,Bettyanderson9576,Bettya9576,,betty27764,,,
Brian,Martin,Brian.Martin@themisdigital.com,bm,,,male,10,13,1979,,,brian-martin-4,BrianMartinrbmc,,BrianMartin5434,BrianMartin5434,BrianMartin5434,BrianMartin5434,,Brian20984,,,
Carol,Thomas,Carol.Thomas@themisdigital.com,ct,,,female,2,2,1986,,,carol-thomas-2,,,CarolTh04822982,carolthomas909,carolthomas909,CarolTh04822982,,Carol42140,,,
Charles,Thompson,Charles.Thompson@themisdigital.com,ct2,,,,7,3,1981,,,charles-thompson-2,CharlesThoml9rc,,CharlesThemis,CharlesThemis,charlesthompson523,CharlesThemis,,Charles66926,,,
Chris,Garcia,Christopher.Garcia@themisdigital.com,,,,male,9,9,1989,,,christopher-garcia,,christophergarcia_70620,chrisgarcia124,chrisgarcia124,chrisgarcia124,chrisgarcia1240,,Christopher24250,,,
James,Smith,James.Smith@gitbit.org,,CMO,Marketing,male,1,11,1988,jamessmith01591,,james-smith-165,JamesSmith34rb,jamessmith_4377,,,jamessmith0159,,1.00E+14,James25570,jamessmith0159,,
John,Jones,John.Jones@gitbit.org,,COO,Operations,male,2,21,1975,,,,JohnJones63fi,,,,,,,John58227,,,
Robert,Brown,Robert.Brown@gitbit.org,,CTO,Engineering,male,3,7,1968,,,,RobertBrown7v10,,,,,,,Robert72254,,,
Michael,Davis,Michael.Davis@gitbit.org,,CITO,Engineering,male,4,1,1980,,,,MichaelDavi6rtc,,,,,,,Michael26164,,,
William,Miller,William.Miller@gitbit.org,,CPO,Products,male,5,15,1983,,,,WilliamMill71g2,,,,,,,William64378,,,
Mary,Wilson,Mary.Wilson@gitbit.org,,CFO,Accounting,female,6,19,1982,,,,MaryWilson62e6,,,,,,,Mary12948,,,
Patricia,Clark,Patricia.Clark@gitbit.org,,CCO,Compliance,female,7,30,1985,,,,PatriciaCla2018,,,,,,,Patricia47425,,,
Jennifer,Hall,Jennifer.Hall@gitbit.org,,CIO,Information Technology,female,8,22,1972,,,,JenniferHal4uhv,,,,,,,Jennifer91765,,,
Elizabeth,Wood,Elizabeth.Wood@gitbit.org,,CISO,Information Security,female,9,2,1976,,,,ElizabethWo2bta,,,,,,,Elizabeth66562,,,
Linda,Lewis,Linda.Lewis@gitbit.org,,CDO,Development,female,10,5,1978,,,,LindaLewis36ne,,,,,,,Linda94680,,,
Jerry,Woods,Jerry.Woods@gitbit.org,,Systems Engineer,,male,3,8,1989,,,jerry-woods-2,JerryWoods2018,jerrywoods_7626,ImpossibleLawfulness,ImpossibleLawfulness,ImpossibleLawfulness,jerrywo48901274,jerry.woods.1291421,jerry-woods4514,jerryw0980,jerry-woods4514,
Tyler,West,Tyler.West@gitbit.org,,IT Manager,,male,9,2,1970,,,tyler-west-1,TylerWest2018,tylerwe56858987,PuzzleheadedEgg,PuzzleheadedEgg,PuzzleheadedEgg,tylerwe56858987,,Tyler98664,,tyler-west-724234158,
Aaron,Wells,Aaron.Wells@gitbit.org,aw,Help Desk,,male,4,17,1981,,,aaron-wells-2,AaronWells2018,aaronwe90918767,AutomaticResource,AutomaticResource,AutomaticResource,aaronwe90918767,,Aaron21278,,aaron-wells-75b234158,aaronwells2018
Henry,Webb,Henry.Webb@gitbit.org,,Marketing Executive,,male,7,27,1975,,,henry-webb,HenryWebb2018,henrywe90091032,RoughChallenge,RoughChallenge,RoughChallenge,henrywe90091032,,Henry69883,,henry-webb-54b625158,
Douglas,Washington,Douglas.Washington@gitbit.org,,Sales Manager,,male,4,23,1984,,,douglas-washington,DouglasWash1qhg,douglas39072061,SpareWeakness,SpareWeakness,SpareWeakness,douglas39072061,,Douglas68910,,doug-washington-822234158,
Jose,Warren,Jose.Warren@gitbit.org,,,,male,4,13,1971,,,,JoseWarren2018,,,,,,,Jose76335,,,
Peter,Wallace,Peter.Wallace@gitbit.org,,,,male,9,19,1989,,,,PeterWallac5vk2,,,,,,,Peter36090,,,
Adam,Tucker,Adam.Tucker@gitbit.org,,,,male,9,6,1970,,,,AdamTucker2018,,,,,,,Adam57344,,,
Zachary,Sullivan,Zachary.Sullivan@gitbit.org,,,,male,9,6,1978,,,,ZacharySull2018,,,,,,,Zachary22487,,,
Nathan,Stevens,Nathan.Stevens@gitbit.org,,,,male,3,9,1974,,,,NathanSteve2018,,,,,,,Nathan98626,,,
Walter,Simpson,Walter.Simpson@gitbit.org,,,,male,11,10,1985,,,,WalterSimps2018,,,,,,,,,,
Harold,Simmons,Harold.Simmons@gitbit.org,,,,male,11,22,1979,,,,HaroldSimmo2018,,,,,,,,,,
Kyle,Russell,Kyle.Russell@gitbit.org,,,,male,5,24,1990,,,,KyleRussell6l67,,,,,,,,,,
Carl,Reynolds,Carl.Reynolds@gitbit.org,,,,male,3,4,1974,,,,CarlReynold2018,,,,,,,,,,
Arthur,Reyes,Arthur.Reyes@gitbit.org,,,,male,8,4,1973,,,,ArthurReyes2018,,,,,,,,,,
Gerald,Ramos,Gerald.Ramos@gitbit.org,,,,male,2,10,1984,,,,GeraldRamos2018,,,,,,,,,,
Roger,Powell,Roger.Powell@gitbit.org,,,,male,3,8,1981,,,,RogerPowellmv9q,,,,,,,,,,
Keith,Porter,Keith.Porter@gitbit.org,,,,male,3,4,1985,,,,KeithPorter5789,,,,,,,,,,
Jeremy,Patterson,Jeremy.Patterson@gitbit.org,,,,male,10,25,1972,,,,JeremyPatte2018,,,,,,,,,,
Terry,Owens,Terry.Owens@gitbit.org,,,,male,9,13,1982,,,,TerryOwens2018,,,,,,,,,,
Lawrence,Ortiz,Lawrence.Ortiz@gitbit.org,,,,male,7,1,1977,,,,LawrenceOrt2018,,,,,,,,,,
Sean,Myers,Sean.Myers@gitbit.org,,,,male,11,3,1977,,,,SeanMyers2018,,,,,,,,,,
Christian,Murray,Christian.Murray@gitbit.org,,,,male,3,16,1987,,,,ChristianMuqa3b,,,,,,,,,,
Albert,Morales,Albert.Morales@gitbit.org,,,,male,8,10,1974,,,,AlbertMoral2018,,,,,,,,,,
Joe,Mcdonald,Joe.Mcdonald@gitbit.org,,,,male,12,15,1975,,,,JoeMcdonald2018,,,,,,,,,,
Ethan,Mason,Ethan.Mason@gitbit.org,,,,male,12,5,1987,,,,EthanMason2018,,,,,,,,,,
Austin,Marshall,Austin.Marshall@gitbit.org,,,,male,7,8,1990,,,,AustinMarsh2018,,,,,,,,,,
Jesse,Long,Jesse.Long@gitbit.org,,,,male,9,3,1972,,,,JesseLong2018,,,,,,,,,,
Willie,Kennedy,Willie.Kennedy@gitbit.org,,,,male,2,7,1977,,,,WillieKenne2018,,,,,,,,,,
Billy,Jordan,Billy.Jordan@gitbit.org,,,,male,9,22,1986,,,,BillyJordan2018,,,,,,,,,,
Bryan,Hunter,Bryan.Hunter@gitbit.org,,,,male,8,15,1977,,,,BryanHunter2018,,,,,,,,,,
Bruce,Hughes,Bruce.Hughes@gitbit.org,,,,male,4,1,1981,,,,BruceHughes2018,,,,,,,,,,
Jordan,Hicks,Jordan.Hicks@gitbit.org,,,,male,6,2,1980,,,,JordanHicks2018,,,,,,,,,,
Ralph,Henry,Ralph.Henry@gitbit.org,,,,male,8,13,1980,,,,RalphHenry2018,,,,,,,,,,
Roy,Hayes,Roy.Hayes@gitbit.org,,,,male,11,16,1971,,,,RoyHayes2018,,,,,,,,,,
Noah,Harrison,Noah.Harrison@gitbit.org,,,,male,1,5,1977,,,,NoahHarriso2018,,,,,,,,,,
Dylan,Hamilton,Dylan.Hamilton@gitbit.org,,,,male,6,17,1972,,,,DylanHamilt2018,,,,,,,,,,
Eugene,Griffin,Eugene.Griffin@gitbit.org,,,,male,8,15,1986,,,,EugeneGriff2018,,,,,,,,,,
Wayne,Graham,Wayne.Graham@gitbit.org,,,,male,1,3,1972,,,,WayneGraham74of,,,,,,,,,,
Emma,Gonzales,Emma.Gonzales@gitbit.org,,,,female,5,6,1975,,,,EmmaGonzale2018,,,,,,,,,,
Maria,Gomez,Maria.Gomez@gitbit.org,,,,female,9,22,1978,,,,MariaGomez1oke,,,,,,,,,,
Heather,Gibson,Heather.Gibson@gitbit.org,,,,female,9,25,1989,,,,HeatherGibs2018,,,,,,,,,,
Diane,Freeman,Diane.Freeman@gitbit.org,,,,female,12,6,1980,,,,DianeFreema2018,,,,,,,,,,
Julie,Foster,Julie.Foster@gitbit.org,,,,female,1,22,1973,,,,JulieFoster2018,,,,,,,,,,
Joyce,Ford,Joyce.Ford@gitbit.org,,,,female,8,2,1973,,,,JoyceFord2018,,,,,,,,,,
Evelyn,Flores,Evelyn.Flores@gitbit.org,,,,female,2,19,1971,,,,EvelynFlore2018,,,,,,,,,,
Frances,Fisher,Frances.Fisher@gitbit.org,,,,female,4,7,1971,,,,FrancesFish2018,,,,,,,,,,
Joan,Ellis,Joan.Ellis@gitbit.org,,,,female,11,3,1977,,,,JoanEllis2k73,,,,,,,,,,
Christina,Dixon,Christina.Dixon@gitbit.org,,,,female,12,2,1978,,,,ChristinaDi2018,,,,,,,,,,
Kelly,Diaz,Kelly.Diaz@gitbit.org,,,,female,3,5,1978,,,,KellyDiaz2018,,,,,,,,,,
Victoria,Cruz,Victoria.Cruz@gitbit.org,,,,female,4,27,1980,,,,VictoriaCru2i8a,,,,,,,,,,
Lauren,Crawford,Lauren.Crawford@gitbit.org,,,,female,1,5,1982,,,,LaurenCrawf2018,,,,,,,,,,
Martha,Cole,Martha.Cole@gitbit.org,,,,female,11,3,1972,,,,MarthaCole2018,,,,,,,,,,
Judith,Butler,Judith.Butler@gitbit.org,,,,female,3,12,1987,,,,JudithButle2018,,,,,,,,,,
Cheryl,Burns,Cheryl.Burns@gitbit.org,,,,female,2,14,1974,,,,CherylBurns2018,,,,,,,,,,
Megan,Bryant,Megan.Bryant@gitbit.org,,,,female,11,26,1974,,,,MeganBryant2018,,,,,,,,,,
Andrea,Boyd,Andrea.Boyd@gitbit.org,,,,female,7,15,1981,,,,AndreaBoyd2018,,,,,,,,,,
Ann,Alexander,Ann.Alexander@gitbit.org,,,,female,8,14,1990,,,,AnnAlexande2018,,,,,,,,,,
Alice,Ford,Alice.Ford@gitbit.org,,,,female,8,27,1972,,,,AliceFord2018,,,,,,,,,,
Jean,Flores,Jean.Flores@gitbit.org,,,,female,9,10,1978,,,,JeanFlores2018,,,,,,,,,,
Doris,Fisher,Doris.Fisher@gitbit.org,,,,female,5,3,1974,,,,DorisFisher2018,,,,,,,,,,
Jacqueline,Ellis,Jacqueline.Ellis@gitbit.org,,,,female,8,23,1975,,,,JacquelineE2018,,,,,,,,,,
Kathryn,Dixon,Kathryn.Dixon@gitbit.org,,,,female,2,13,1973,,,,KathrynDixo2018,,,,,,,,,,
Hannah,Diaz,Hannah.Diaz@gitbit.org,,,,female,2,2,1975,,,,HannahDiaz2018,,,,,,,,,,
Olivia,Cruz,Olivia.Cruz@gitbit.org,,,,female,6,14,1985,,,,OliviaCruz2018,,,,,,,,,,
Gloria,Crawford,Gloria.Crawford@gitbit.org,,,,female,6,12,1980,,,,GloriaCrawf2018,,,,,,,,,,
Marie,Cole,Marie.Cole@gitbit.org,,,,female,2,13,1975,,,,MarieCole2018,,,,,,,,,,
Teresa,Butler,Teresa.Butler@gitbit.org,,,,female,12,12,1972,,,,TeresaButle2018,,,,,,,,,,
Sara,Hughes,Sara.Hughes@gitbit.org,,,,female,3,19,1975,,,,SaraHughes2018,,,,,,,,,,
Janice,Hicks,Janice.Hicks@gitbit.org,,,,female,7,5,1974,,,,JaniceHicks2018,,,,,,,,,,
Julia,Henry,Julia.Henry@gitbit.org,,,,female,9,5,1982,,,,JuliaHenry2018,,,,,,,,,,
Grace,Hayes,Grace.Hayes@gitbit.org,,,,female,6,17,1983,,,,GraceHayes2018,,,,,,,,,,
Judy,Harrison,Judy.Harrison@gitbit.org,,,,female,7,21,1979,,,,JudyHarriso2018,,,,,,,,,,
Theresa,Hamilton,Theresa.Hamilton@gitbit.org,,,,female,2,17,1985,,,,TheresaHami2018,,,,,,,,,,
Rose,Griffin,Rose.Griffin@gitbit.org,,,,female,4,19,1980,,,,RoseGriffin2018,,,,,,,,,,
Beverly,Graham,Beverly.Graham@gitbit.org,,,,female,11,25,1973,,,,BeverlyGrah2018,,,,,,,,,,
Denise,Crawford,Denise.Crawford@gitbit.org,,,,female,4,6,1980,,,,DeniseCrawf2018,,,,,,,,,,
Marilyn,Cole,Marilyn.Cole@gitbit.org,,,,female,12,18,1986,,,,MarilynCole2018,,,,,,,,,,
